<keymap version="1" name="Eclipse copy" parent="Eclipse">
  <action id="Arrangement.Rule.Edit" />
  <action id="Back">
    <mouse-shortcut keystroke="button4" />
  </action>
  <action id="BookmarksView.Rename" />
  <action id="CommentByLineComment">
    <keyboard-shortcut first-keystroke="ctrl slash" />
    <keyboard-shortcut first-keystroke="ctrl divide" />
    <keyboard-shortcut first-keystroke="shift ctrl c" />
  </action>
  <action id="Console.TableResult.CopyAggregatorResult" />
  <action id="Console.TableResult.EditValue">
    <keyboard-shortcut first-keystroke="enter" />
    <keyboard-shortcut first-keystroke="alt enter" />
  </action>
  <action id="ConsoleView.ClearAll">
    <mouse-shortcut keystroke="shift button3" />
  </action>
  <action id="CopyAbsolutePath" />
  <action id="CopyPaths" />
  <action id="DatabaseView.CopyDdlAction">
    <keyboard-shortcut first-keystroke="shift ctrl alt g" />
  </action>
  <action id="Debugger.EditArrayFilter" />
  <action id="Debugger.EditCustomField" />
  <action id="EditorNextWordInDifferentHumpsMode">
    <keyboard-shortcut first-keystroke="alt right" />
  </action>
  <action id="EditorNextWordInDifferentHumpsModeWithSelection">
    <keyboard-shortcut first-keystroke="shift alt right" />
  </action>
  <action id="EditorPreviousWordInDifferentHumpsMode">
    <keyboard-shortcut first-keystroke="alt left" />
  </action>
  <action id="EditorPreviousWordInDifferentHumpsModeWithSelection">
    <keyboard-shortcut first-keystroke="shift alt left" />
  </action>
  <action id="Forward">
    <mouse-shortcut keystroke="button5" />
  </action>
  <action id="GotoImplementation">
    <keyboard-shortcut first-keystroke="ctrl t" />
    <keyboard-shortcut first-keystroke="ctrl alt b" />
    <mouse-shortcut keystroke="shift control button1" />
  </action>
  <action id="MoveElementLeft" />
  <action id="MoveElementRight" />
  <action id="QuickJavaDoc">
    <mouse-shortcut keystroke="alt button2" />
    <keyboard-shortcut first-keystroke="shift ctrl space" />
  </action>
  <action id="RemoteHostView.CopyPaths" />
  <action id="RenameElement">
    <keyboard-shortcut first-keystroke="shift alt r" />
    <keyboard-shortcut first-keystroke="f2" />
  </action>
  <action id="Table-startEditing" />
  <action id="Tree-startEditing" />
  <action id="Vcs.Log.ShowTooltip">
    <mouse-shortcut keystroke="alt button2" />
    <keyboard-shortcut first-keystroke="shift ctrl space" />
  </action>
  <action id="WelcomeScreen.CopyProjectPath" />
  <action id="XDebugger.SetValue" />
  <action id="org.intellij.plugins.markdown.ui.actions.styling.ToggleCodeSpanAction" />
</keymap>